,Transaction ID,1,1-prox,2,2-prox,3,3-prox,4,4-prox,5,5-prox
0,1,31,0.9716513754131817,377,0.9612672091001235,258,0.9540870564015106,149,0.9375365072180594,196,0.9315032626715286
1,2,239,0.9849752470590221,515,0.9837915699589761,378,0.978131218130076,348,0.9768638488943111,180,0.9758630537994124
2,3,498,0.7256307349662459,309,0.6595801088551592,354,0.6120335848194793,442,0.6014220258396012,321,0.5991961558922632
3,4,156,0.6860170543540693,455,0.67863641414989,315,0.662634122959312,200,0.658494467894984,284,0.6573181201617475
4,5,60,0.9531555310101011,249,0.9527726127690241,138,0.9482475009736115,64,0.9439152848002303,121,0.8485454877107376
5,6,84,0.9693900704576219,91,0.9650514960911476,293,0.9623239038581741,506,0.9479822471749393,300,0.9426757222175788
6,7,46,0.8414402707013422,199,0.7963824107254426,231,0.7358784195826895,430,0.7336381331954986,492,0.7281519694264065
7,8,19,0.9644631781228215,135,0.9608515429126149,99,0.9500826843779231,370,0.947773448151433,351,0.8799547277544799
8,9,352,0.9551056579290731,476,0.9519977984476895,514,0.9472565225569444,11,0.942604070316934,230,0.9406690611188967
9,10,452,0.9716008125671095,412,0.9622768792486764,389,0.9614814093759125,396,0.9590592639298032,28,0.9555676588740957
10,11,437,0.962925680637309,379,0.9593714286187089,476,0.9557455538842484,514,0.9506897436791961,9,0.942604070316934
11,12,429,0.7585729185249931,427,0.7562712631681442,363,0.7560802611920602,151,0.7559514572731749,315,0.7491567108279329
12,13,121,0.8708401176136127,374,0.8565712619901926,5,0.8470780976273691,358,0.8462210199827638,200,0.8443293869939066
13,14,398,0.8197147153225931,191,0.8191142465875215,157,0.8129767116395245,264,0.8122095928575677,328,0.8067696313556215
14,15,125,0.9648144721735985,22,0.8675996000751978,244,0.8599600672726775,57,0.8568899336887106,288,0.855360465109427
15,16,268,0.9718846912607734,394,0.9584379630015659,391,0.9529167381566879,393,0.8657082438734673,117,0.8573240428797767
16,17,294,0.987657787737716,341,0.8621636723006973,42,0.8475556891199545,410,0.8470917377699492,509,0.8360241076437414
17,18,32,0.7416497473216795,310,0.7227030755099819,115,0.7208619933678944,118,0.7206881645244736,297,0.7080342668801672
18,19,8,0.9644631781228215,135,0.935190798128359,99,0.9249499160696028,370,0.9210161888009056,366,0.864625191706365
19,20,225,0.6929137573475905,46,0.6145699788619401,390,0.6124174022958061,223,0.6078675723710084,341,0.606444089302447
20,21,40,0.9707380552873128,146,0.9704680424458445,117,0.9697934946464928,243,0.9571292526702149,87,0.9551126993589514
21,22,15,0.8675996000751978,125,0.8582722317881646,175,0.8409464845329855,181,0.8409464503243326,391,0.7572389502794813
22,23,201,0.8666550855975206,109,0.8616955997271167,170,0.855207652795469,259,0.8540614938737385,507,0.8510954722510419
23,24,201,0.8159893635095911,208,0.7479069972311517,270,0.7434724064751286,468,0.7186865269021876,193,0.7180226218467631
24,25,492,0.9764090403230514,496,0.9550942568822781,223,0.9538795684543241,52,0.9499767622401492,423,0.8534213161767708
25,26,217,0.9789111995231636,230,0.9785979844424897,92,0.9596288936095447,352,0.9557961033937725,314,0.9530093377073366
26,27,338,0.9703440652100569,458,0.9550606123463571,402,0.943330707287451,292,0.9403266375956494,399,0.9402600450602899
27,28,389,0.9922444579025346,141,0.9682794407102651,452,0.967092733736814,412,0.9617793522212597,396,0.9575800465194215
28,29,109,0.8680446050131159,464,0.8298338895428012,235,0.768018211607868,339,0.7637379800260544,373,0.7634761652976744
29,30,421,0.6043994686764828,418,0.5929322644961,505,0.5889683197398823,277,0.5507520390749336,4,0.5167722156806763
30,31,377,0.9829664660173121,1,0.9716513754131817,258,0.94345266887039,149,0.9245568734002803,196,0.915602772204662
31,32,297,0.9120034335922149,409,0.8489086221563701,9,0.8480859006610364,514,0.8377909101564687,511,0.8376774593680227
32,33,69,0.9438833686188295,463,0.8667130211025303,493,0.8481190958577688,461,0.8454378920714353,322,0.8331747796920068
33,34,133,0.9806479074357012,40,0.9617059224232479,21,0.9482223884264902,87,0.9459702359160491,74,0.9455513706516936
34,35,235,0.968589098368968,286,0.8565216126767919,300,0.8560158513830126,224,0.8543656757433238,400,0.8451714524515277
35,36,124,0.9486330316419456,91,0.9468087090131543,293,0.9410949379232818,300,0.9389356737692953,6,0.9351522065649468
36,37,269,0.9744355196645047,346,0.9705602277243056,376,0.9585946257972997,451,0.9497308980679979,61,0.9466405153221964
37,38,103,0.8526256338931917,283,0.8401671936149675,337,0.8350642942993183,252,0.8271339515541004,144,0.826334003076852
38,39,430,0.9478113735194176,193,0.8938945783851073,326,0.8663394468405087,179,0.8600603929121902,465,0.8596305745213724
39,40,133,0.9747672725202847,21,0.9707380552873128,34,0.9617059224232479,87,0.9614091160724239,74,0.9587441798408174
40,41,70,0.9327355389756687,145,0.818036393585415,445,0.8027047699558327,267,0.798630453251147,44,0.7880877693953221
41,42,509,0.9586553222641596,46,0.8514957399632365,17,0.8475556891199545,294,0.843053122268224,439,0.8202712751632564
42,43,436,0.9734940246446412,460,0.951637272316599,275,0.871189330628149,343,0.8650607127264601,179,0.8620185936163305
43,44,267,0.9834297864163484,145,0.9653119690498337,240,0.8571574422426604,328,0.8510450538115865,481,0.8474347354281518
44,45,413,0.8335338296614198,298,0.8037940279230111,185,0.7987131768896352,178,0.7984298222449515,283,0.7238862470758527
45,46,199,0.9284627884243275,223,0.8625703750791132,8,0.8603243860901255,341,0.859962649425679,390,0.8580251506469898
46,47,2,0.9725260724686928,239,0.9711838058029127,71,0.9711770914396206,515,0.9706577368299053,48,0.9703157734711705
47,48,71,0.9936043913672099,180,0.9909784949504061,171,0.9789592959205893,515,0.9787263124744506,348,0.9783513798631407
48,49,211,0.9532552247831787,240,0.8283543797976938,267,0.823223137111103,44,0.8180269008262641,145,0.7983955575174563
49,50,473,0.7230013355070164,144,0.6469746906792628,356,0.6387536346637342,280,0.6385311067674642,19,0.636423480895882
50,51,136,0.9591880141162745,188,0.9381881995271799,253,0.9344434225742866,67,0.929326631545287,192,0.926203352204807
51,52,223,0.9565373301108077,492,0.9520718142840775,25,0.9499767622401492,496,0.9370369045756819,370,0.8499373168825884
52,53,288,0.9694717403206721,499,0.953075139786034,255,0.9233896041764084,15,0.8527289507290512,181,0.8489509797977762
53,54,48,0.8643334979042565,71,0.8625023596806782,282,0.8563797904016553,180,0.8563134984909453,348,0.8470139612305403
54,55,183,0.992105005499009,243,0.9822344846811416,117,0.9744866733070876,146,0.9518372865202782,74,0.9503101201705139
55,56,375,0.8409409369080777,264,0.8393584775390392,428,0.8337404067228753,191,0.8288388662464953,475,0.8181685011150375
56,57,15,0.8568899336887106,125,0.8461971846684421,22,0.7474196517776169,53,0.7312603705107539,288,0.7286458710976311
57,58,411,0.8483560842184161,296,0.84633727979485,130,0.845926615143369,357,0.8315589377853804,519,0.8312993693990481
58,59,6,0.8751335163963966,293,0.8631836502208855,84,0.8631008595418024,91,0.8612406286510917,506,0.8423786638077048
59,60,64,0.9773258468597039,138,0.9541378815375352,5,0.9531555310101011,249,0.9408502174785676,374,0.8545024590841723
60,61,376,0.979053511932076,346,0.9683158933847091,340,0.9472139949845406,37,0.9466405153221964,451,0.9456411570590453
61,62,266,0.8469852332661043,273,0.8204949643244592,259,0.8140624998943953,26,0.7138700144951895,230,0.7103903948517902
62,63,420,0.9763486302105744,422,0.9620329352279511,101,0.9467045241871583,503,0.9336279111692674,389,0.8613600895418994
63,64,60,0.9773258468597039,249,0.9457228930592877,5,0.9439152848002303,138,0.9387036043994061,321,0.8592408793968529
64,65,242,0.9931971007938822,148,0.9756008969172427,48,0.97369795339585,71,0.9723172353649934,171,0.9662224659020022
65,66,151,0.9484179821492429,429,0.9456558141779055,427,0.8134084106399165,483,0.8086469041570445,12,0.717206953849387
66,67,188,0.9650992231262865,253,0.9468668460525149,221,0.9361854091631243,136,0.9327710841647682,51,0.929326631545287
67,68,317,0.8531687686794794,325,0.8463547916628387,355,0.8454754437168599,298,0.8448390280636955,330,0.829885527969619
68,69,33,0.9438833686188295,322,0.8311706559603056,315,0.8262671122265121,463,0.8231633597067551,246,0.8186723142357937
69,70,41,0.9327355389756687,445,0.8678843831767505,267,0.8497437033940587,44,0.837606929337215,328,0.827511609635031
70,71,48,0.9936043913672099,180,0.9855559558281008,348,0.9841464327507579,515,0.9819100985863216,239,0.9786306929563561
71,72,236,0.9383369342121284,306,0.8622872675766262,361,0.8581470016466713,488,0.8490457363548722,370,0.8486242703918804
72,73,312,0.9515945611971499,436,0.8597685867191475,43,0.8366911412794781,467,0.834378221285893,463,0.8329644569890768
73,74,276,0.9695084251751729,40,0.9587441798408174,117,0.9559810714173028,93,0.9517253414943102,55,0.9503101201705139
74,75,238,0.9336046804537041,165,0.8552785887483723,140,0.8492685661574977,224,0.8407843682512464,208,0.8364898301923518
75,76,438,0.9725775483882138,341,0.863346182212474,320,0.8458078676548145,486,0.8414142571448076,198,0.8406321613768142
76,77,238,0.7425671516807553,177,0.7210403705816825,56,0.7085929371689133,75,0.6854406724334114,259,0.6709694970008945
77,78,79,0.9645669996774446,166,0.8732609791731736,37,0.8605453492353343,346,0.8562304777483153,322,0.8496571752356936
78,79,78,0.9645669996774446,121,0.8505135090345316,166,0.8488569119400109,172,0.8458587691362945,37,0.8404044112993889
79,80,43,0.83235396676503,436,0.8080510092286965,460,0.7899599330544782,272,0.7416229434507722,358,0.7384476834253026
80,81,68,0.733644174603265,298,0.7289607008336341,307,0.7199424579164482,182,0.7169296847124846,325,0.7091340532366073
81,82,319,0.8401337364657622,274,0.8295840290846036,38,0.8257119675989908,442,0.8256698447099847,213,0.8248131665342537
82,83,384,0.9610009947412381,516,0.8628266527301788,419,0.8406656962538797,349,0.8388945093388122,388,0.838185310421564
83,84,293,0.9765422950163992,506,0.9719788873379416,6,0.9693900704576219,91,0.9597192391714999,300,0.947052054303243
84,85,112,0.8461670486461929,430,0.8321771451154936,39,0.8280541995548963,414,0.8205811863169988,454,0.8025761673534924
85,86,369,0.8388170793616634,130,0.8347466688078049,459,0.801561847229693,296,0.7941712227472242,256,0.792531651987548
86,87,450,0.9773530806638426,40,0.9614091160724239,133,0.9551423180163279,21,0.9551126993589514,368,0.9522373955582415
87,88,321,0.8628519826281135,495,0.8561475254973195,153,0.8541988795911286,64,0.8517705175595953,172,0.8465998745691052
88,89,397,0.9699779774848115,463,0.8334432260611463,493,0.8288492581246332,322,0.8264889497568335,178,0.8230448517657774
89,90,390,0.9828194826034041,423,0.9750942152886162,502,0.964788791946632,366,0.958401159340998,341,0.8621099757858715
90,91,6,0.9650514960911476,84,0.9597192391714999,293,0.9472796417172524,36,0.9468087090131543,124,0.945186875423612
91,92,207,0.9818619678277378,217,0.9752282874764908,120,0.9718600099394517,313,0.9683893533413765,314,0.9675450488010243
92,93,276,0.9698854110648811,243,0.9626249110390905,40,0.9564615828623806,74,0.9517253414943102,55,0.9496205763229525
93,94,278,0.7180185369609022,369,0.6070676018031912,289,0.5891122282980681,505,0.575081384107999,95,0.5648147670571607
94,95,145,0.8099815762505067,267,0.7899430435466988,44,0.7802732022224216,240,0.7789552065447012,49,0.7647208062160182
95,96,113,0.9764203256321184,425,0.9699917867034051,142,0.9646980183976247,434,0.957290704038585,435,0.8668912245049691
96,97,290,0.9515717977729584,357,0.9513581001442655,296,0.9441741288884786,254,0.9348033900460866,130,0.9035215166696169
97,98,2,0.9656281267462413,378,0.9625730650086926,261,0.961145909888656,239,0.9609460595401637,515,0.9575796738173483
98,99,135,0.9866963767140501,8,0.9500826843779231,19,0.9249499160696028,370,0.9221114544190854,142,0.8588243852586552
99,100,163,0.9121278843457665,311,0.8284599691370926,58,0.8247177134427656,411,0.8244354208053898,519,0.817350313704631
100,101,503,0.9835262851055444,422,0.967452159280189,63,0.9467045241871583,420,0.9409052008866787,494,0.8613435420127347
101,102,424,0.9680107367467345,444,0.96147422448523,231,0.9609092797336042,361,0.9530483714736411,349,0.869300863339604
102,103,283,0.9850703583992322,252,0.9350207186469139,144,0.9345900049681106,280,0.9256314382096482,105,0.8629740673847415
103,104,21,0.8549001279038688,87,0.8476216405291385,450,0.8339997714415486,40,0.8304950634228279,133,0.828701121162971
104,105,103,0.8629740673847415,413,0.8594734341449008,283,0.8576028390380059,174,0.8440290111463209,469,0.8335174112786619
105,106,281,0.9694448560804408,323,0.8576620183957547,465,0.8539202489467355,179,0.851435619891659,139,0.8507749553964188
106,107,179,0.9693441750336318,323,0.9638964420583565,417,0.9611779906599914,140,0.949426184814628,488,0.9417305561513833
107,108,478,0.971552506401313,47,0.8639666389342223,239,0.8515019942697266,2,0.8507941586305039,71,0.8488037577437709
108,109,29,0.8680446050131159,23,0.8616955997271167,170,0.8517692357688653,464,0.8404907789028808,327,0.7622533234290001
109,110,502,0.839318161068048,25,0.8363714601683085,349,0.8311612252305474,102,0.8291846748713658,492,0.8283806908117698
110,111,474,0.9926945509894154,404,0.9473257647618415,131,0.9372590746432362,446,0.9357334723432484,350,0.933539835603275
111,112,85,0.8461670486461929,331,0.8439322586294873,433,0.8363846442275934,414,0.8106967616109154,465,0.8080894691365552
112,113,96,0.9764203256321184,425,0.9501665804612623,142,0.9438963014720455,434,0.9386326599870651,84,0.8654835505222382
113,114,234,0.93826660664486,263,0.9326360287708233,311,0.8891172685626083,379,0.8674707509876978,31,0.8649655221236361
114,115,118,0.9676058161249846,297,0.8295493634266482,32,0.814048924320662,120,0.7562024138874004,92,0.7537914061518793
115,116,184,0.8622108889433238,257,0.8549462792470623,78,0.8410122345371603,166,0.8342340914711498,79,0.831307363806176
116,117,183,0.9756999109966973,55,0.9744866733070876,146,0.9704554774063627,21,0.9697934946464928,243,0.9647754152564207
117,118,115,0.9676058161249846,297,0.8359351230230302,32,0.8224216095022787,16,0.7656435723126918,26,0.7647007551076956
118,119,316,0.9381513842353006,160,0.9287742693781339,416,0.8600703385064798,37,0.840067254043217,158,0.8380869335506271
119,120,207,0.9816852112328509,92,0.9718600099394517,217,0.9585489832834413,271,0.9568010011323387,313,0.9564256755574927
120,121,358,0.9692807968309238,172,0.9614675041691176,227,0.9611782648327507,491,0.942860860019754,186,0.9370196272741229
121,122,421,0.6775037518317345,441,0.6055733599970428,359,0.5737046359808641,490,0.5646893042658863,365,0.5612061995467609
122,123,314,0.8425027832866657,352,0.8414769380819623,313,0.8383917372188502,271,0.837249687991505,476,0.8292938947006185
123,124,36,0.9486330316419456,91,0.945186875423612,6,0.9374682224494861,293,0.9167714479093373,84,0.9138009922232668
124,125,15,0.9648144721735985,22,0.8582722317881646,518,0.8465305326340207,57,0.8461971846684421,53,0.8354860616018405
125,126,392,0.9670920044468911,244,0.9439590773378714,499,0.8473952104815985,128,0.8437984984181087,387,0.8427264253202142
126,127,105,0.7370527428644407,272,0.7298013173714826,139,0.6439049067116103,508,0.6393594194997192,381,0.63528456817717
127,128,205,0.9004520579726929,126,0.8437984984181087,291,0.8416807972960727,387,0.8416298183315059,499,0.8394271269831759
128,129,365,0.8325659918491999,267,0.740927160292087,298,0.7396029865021809,445,0.7343797828595298,240,0.73144628637262
129,130,357,0.9367436045567622,254,0.9233485738265724,296,0.915741136453982,97,0.9035215166696169,290,0.8975031675620577
130,131,154,0.9816202211865441,432,0.9761243252106175,336,0.9733671644104502,512,0.9729244460703791,348,0.9666664696554299
131,132,305,0.8354264921003753,201,0.8027088739972348,56,0.7398482611472501,224,0.7380128326965273,35,0.7275910303068477
132,133,34,0.9806479074357012,40,0.9747672725202847,87,0.9551423180163279,21,0.9521711475276814,74,0.9477648617005123
133,134,342,0.8629947936705724,457,0.8621336708632764,392,0.8579540288683443,291,0.8558471478599077,260,0.8547849911439999
134,135,99,0.9866963767140501,8,0.9608515429126149,19,0.935190798128359,370,0.9216743889483563,248,0.8649798995150173
135,136,51,0.9591880141162745,188,0.9513753481344553,192,0.9410002343119543,253,0.9344861988536048,67,0.9327710841647682
136,137,480,0.9746313189302311,228,0.9593927328798681,326,0.9462846615596225,435,0.9294346518650358,362,0.8463854979664942
137,138,60,0.9541378815375352,5,0.9482475009736115,64,0.9387036043994061,249,0.9162809353770638,413,0.8421880445111127
138,139,106,0.8507749553964188,99,0.8502842514280937,135,0.8428444665593828,444,0.8358874587554078,248,0.835781568862851
139,140,426,0.9648672549092714,179,0.960789444007146,323,0.9605400867265464,107,0.949426184814628,417,0.9368242414728949
140,141,247,0.9808969906991736,389,0.9687587292868434,28,0.9682794407102651,452,0.957732672031902,412,0.9502987053478433
141,142,434,0.9911700470626954,425,0.9829628641339709,96,0.9646980183976247,113,0.9438963014720455,508,0.8671528348303469
142,143,1,0.8574808864346726,405,0.8372362258416093,31,0.833750583732928,329,0.8322133698059041,258,0.8252043860401698
143,144,280,0.9553617309474917,252,0.9467564509947585,103,0.9345900049681106,283,0.9279893437549718,186,0.8622815453063483
144,145,267,0.966442596370119,44,0.9653119690498337,240,0.8353926933117922,481,0.8290386436823808,328,0.823846100816955
145,146,21,0.9704680424458445,117,0.9704554774063627,183,0.9535476293085527,55,0.9518372865202782,40,0.948909972597733
146,147,241,0.8661458585554556,339,0.849415832002477,435,0.8437406517024132,430,0.8424666666555481,6,0.8387078291425666
147,148,171,0.9857560396778469,180,0.9829591918039139,65,0.9756008969172427,348,0.9753299085360334,48,0.9752096327549091
148,149,258,0.9588484167472469,1,0.9375365072180594,31,0.9245568734002803,333,0.9162773602418115,377,0.9130140481812727
149,150,128,0.8339296702749865,205,0.830535442596937,175,0.7501390665883096,392,0.735633753749721,291,0.7330088266680084
150,151,429,0.982259900630995,66,0.9484179821492429,427,0.8639558207272977,483,0.8541232074121576,12,0.7559514572731749
151,152,222,0.9789168694183963,204,0.9478937324364645,357,0.8716189036023944,154,0.8658923301365735,131,0.8646491648176478
152,153,88,0.8541988795911286,354,0.8532845432254322,442,0.8469080158353408,265,0.8428153021801081,274,0.8409407021893375
153,154,512,0.986430970382014,131,0.9816202211865441,479,0.9713021910989235,71,0.9682872058366807,242,0.9661780125655532
154,155,303,0.9621156340054535,416,0.9338637951584114,322,0.8459564791896982,161,0.8413054530826446,454,0.8390110895596167
155,156,447,0.841296165965356,455,0.8235560514755629,240,0.8196076791966238,209,0.8060229144423523,13,0.7957150960734419
156,157,328,0.859995755311022,318,0.8591392390704413,14,0.8129767116395245,264,0.7426925524229893,158,0.7383678908433577
157,158,346,0.8648191230187066,264,0.8619286338787996,376,0.8551359500872873,191,0.8549302674233581,37,0.8469806414723731
158,159,231,0.855241725764016,361,0.836641368694202,424,0.8364883504609677,444,0.8255680565208752,102,0.8244401084601256
159,160,316,0.9720166793101466,119,0.9287742693781339,451,0.847170693969414,298,0.84579432248081,328,0.8442596860887744
160,161,264,0.8539164975374389,200,0.8533266503945925,322,0.8522577088059877,467,0.8513157914886385,284,0.8496775123160807
161,162,15,0.731146366322024,518,0.7222430029575586,57,0.7200288697635434,125,0.7148094837069742,302,0.6845750416233166
162,163,100,0.9121278843457665,511,0.8871676965750372,409,0.8676982650084022,448,0.8598725628758525,210,0.8594703511555539
163,164,399,0.9675722322202489,472,0.9570596445976094,402,0.9353367564887851,338,0.9348982311696729,27,0.9334580496853732
164,165,224,0.9556195960515044,75,0.8552785887483723,400,0.8175876440694152,35,0.8147875140154873,489,0.810905703819496
165,166,78,0.8732609791731736,79,0.8488569119400109,116,0.8342340914711498,464,0.8191862236270104,272,0.7637512477480198
166,167,479,0.8408177502993536,154,0.8326810254467369,345,0.8298565220523259,131,0.8289741410557917,512,0.8233892904093196
167,168,475,0.7406838084069871,78,0.7397358648731187,112,0.731769133760076,245,0.7259212112168556,373,0.7258595369354548
168,169,367,0.8061832019552949,22,0.7406212724597575,150,0.7318245261001939,518,0.7262226351184212,175,0.7231318541386895
169,170,23,0.855207652795469,109,0.8517692357688653,286,0.8491675734428775,362,0.8247791531474287,482,0.8077876910258198
170,171,180,0.9869883130036488,148,0.9857560396778469,48,0.9789592959205893,515,0.9781566722271933,348,0.978004059858916
171,172,358,0.9908775650235366,227,0.9710827384802794,491,0.9637430900351076,186,0.9625583777921514,121,0.9614675041691176
172,173,210,0.8634898379018707,448,0.8620668974880404,409,0.857137614652565,372,0.8535678886740535,163,0.8535590407774197
173,174,469,0.9359406433702204,43,0.8502901989917641,103,0.8480196423114914,413,0.8444710345272214,105,0.8440290111463209
174,175,291,0.8635332284585677,181,0.8593292347097302,342,0.8543947448430251,22,0.8409464845329855,392,0.7532149469358018
175,176,435,0.7589476328722496,480,0.7420328551740267,137,0.7380659307147082,228,0.7364580214014769,326,0.7291427630612239
176,177,312,0.8613139139880451,340,0.8395730670900505,264,0.8288427507878653,385,0.8282411487558772,158,0.8234891572707139
177,178,413,0.8349619972884859,316,0.8281158935705657,89,0.8230448517657774,119,0.8215673173838299,416,0.8179055967636755
178,179,323,0.9919724651876095,107,0.9693441750336318,417,0.9686454939906561,140,0.960789444007146,488,0.9396246483869466
179,180,48,0.9909784949504061,515,0.9876535197262502,171,0.9869883130036488,348,0.9868514552184076,71,0.9855559558281008
180,181,499,0.870333911755768,175,0.8593292347097302,288,0.8552972320932727,255,0.8536858605122934,53,0.8489509797977762
181,182,128,0.8268921080071292,205,0.7546901957205683,319,0.7357301540099395,387,0.7234855881571212,499,0.7172013141421536
182,183,55,0.992105005499009,243,0.976318246859538,117,0.9756999109966973,146,0.9535476293085527,21,0.949928135528063
183,184,172,0.8726819031793845,358,0.8659244725430878,116,0.8622108889433238,227,0.8593459342390705,343,0.8532562682095602
184,185,298,0.9502824700630289,355,0.8329839692984156,316,0.8289691820674205,68,0.825890382817224,160,0.8237916312310714
185,186,491,0.9717157953571592,227,0.9636706855866202,172,0.9625583777921514,358,0.9545767075426166,121,0.9370196272741229
186,187,212,0.9595495913563851,372,0.9452539085487655,194,0.9425386597169031,462,0.942172318750158,295,0.9412291871405434
187,188,67,0.9650992231262865,136,0.9513753481344553,253,0.9491348354670345,51,0.9381881995271799,221,0.9375278812591246
188,189,487,0.936107954869237,494,0.9265940636185183,206,0.9097978844408665,148,0.8615463864249919,396,0.8560023933078751
189,190,455,0.7306585661610563,358,0.7096979050281454,209,0.7050543315597568,172,0.7012646189130405,227,0.7009451371576056
190,191,428,0.979755902929323,264,0.978920156658486,510,0.9736553837213977,346,0.8621372275483565,316,0.855870623088849
191,192,136,0.9410002343119543,188,0.9355062951648979,253,0.9297705113850714,51,0.926203352204807,67,0.9181291647238387
192,193,430,0.9107674904708534,39,0.8938945783851073,36,0.8492519385704888,454,0.8387661630028698,199,0.8200683257049319
193,194,295,0.9886643017007406,212,0.9566016029549573,462,0.9426353935649849,187,0.9425386597169031,372,0.9423925189007211
194,195,216,0.8032993917516822,104,0.7957107076314656,226,0.7828063208357949,74,0.7280978353270324,276,0.7274797112253997
195,196,1,0.9315032626715286,258,0.9300735309001222,377,0.9234981971840789,31,0.915602772204662,149,0.9002268212855372
196,197,419,0.8465554775034143,339,0.8447337218187184,492,0.8418594399208871,384,0.8349638580949077,25,0.8319609168616847
197,198,235,0.8614366450986797,486,0.8582555335679056,502,0.8571867924100034,375,0.852810729032632,438,0.8475104112940919
198,199,46,0.9284627884243275,388,0.8382033832656685,52,0.8218592634414106,193,0.8200683257049319,102,0.8179977151451853
199,200,284,0.9874033242448421,495,0.9514197116054832,358,0.8603752942772064,96,0.8548575241571374,161,0.8533266503945925
200,201,23,0.8666550855975206,507,0.8489660153059888,373,0.8455753883508257,235,0.8437341307703121,327,0.8376028809825952
201,202,328,0.7873241352197107,145,0.6923480119712989,41,0.6900973620317868,157,0.6742921819513816,267,0.6735585819700469
202,203,287,0.8708013629722324,487,0.8673219182209267,494,0.8427299985690132,189,0.842484534813666,206,0.8421392197792356
203,204,222,0.947965120811303,152,0.9478937324364645,196,0.8593831989695793,263,0.8571957433949485,296,0.8526234991931908
204,205,128,0.9004520579726929,150,0.830535442596937,15,0.7991660437942436,392,0.7964164838567552,125,0.7962287013788889
205,206,487,0.9528531676499923,189,0.9097978844408665,494,0.9071856403986648,468,0.8576101510858309,247,0.8475404636769077
206,207,92,0.9818619678277378,120,0.9816852112328509,271,0.9694837622628301,313,0.9677158104989203,217,0.967606266223163
207,208,140,0.8411155717456611,179,0.8378871330697195,75,0.8364898301923518,323,0.8340743121830212,107,0.8337544863371061
208,209,60,0.8491637343155586,64,0.8479140884149166,267,0.8437141793746461,44,0.8412581038185053,5,0.8381254663580395
209,210,448,0.9727272307859288,511,0.9701806776882447,519,0.9275503696593351,242,0.8743382197296997,65,0.8695394369914973
210,211,49,0.9532552247831787,240,0.8189579410162088,267,0.8163201771021589,44,0.8102797284560878,145,0.7923404689060474
211,212,187,0.9595495913563851,295,0.9591064731959797,194,0.9566016029549573,285,0.9530486132499958,372,0.9520286826831792
212,213,274,0.9930704749882284,356,0.9813496707199924,442,0.97537251347188,265,0.9728504682211135,319,0.9526705372108986
213,214,507,0.9656096602743842,373,0.9623175945294146,23,0.8353162386821226,327,0.8352390820666873,201,0.8350453853796882
214,215,383,0.9435966409137831,146,0.8598542434146013,117,0.8585613222016947,183,0.8512312681809419,55,0.8510526718540761
215,216,226,0.8483349714991559,104,0.8073966628392417,195,0.8032993917516822,334,0.7349349199059085,108,0.7269865137124615
216,217,230,0.9820770337085214,26,0.9789111995231636,92,0.9752282874764908,314,0.9676067427935986,207,0.967606266223163
217,218,191,0.8388927303819098,428,0.8373918071098733,264,0.8347317720721497,510,0.8318675668616433,160,0.7299879695716717
218,219,413,0.8264853984967925,337,0.8255202930792345,267,0.8214906857647781,44,0.8119523295721355,38,0.8061193349217013
219,220,164,0.8561030075214702,472,0.8392488124772004,399,0.8384576743835537,458,0.8193126411661751,338,0.8164652223901101
220,221,188,0.9375278812591246,67,0.9361854091631243,136,0.925955785778495,51,0.9126426441948257,253,0.9036902246229759
221,222,152,0.9789168694183963,204,0.947965120811303,512,0.8730477559937326,514,0.8675074597701733,450,0.8655625744365701
222,223,492,0.9676597260511579,52,0.9565373301108077,25,0.9538795684543241,496,0.9483998062968795,46,0.8625703750791132
223,224,165,0.9556195960515044,35,0.8543656757433238,467,0.8510523174765172,75,0.8407843682512464,400,0.8391632170769231
224,225,517,0.7065502669514749,20,0.6929137573475905,270,0.6721734315748176,447,0.6579530982651783,305,0.6175539791300398
225,226,216,0.8483349714991559,104,0.8248416190302551,195,0.7828063208357949,360,0.7406358653096698,368,0.7339528567402299
226,227,358,0.9798321312752951,172,0.9710827384802794,186,0.9636706855866202,121,0.9611782648327507,491,0.9545589838024482
227,228,326,0.975256413703725,480,0.9627357427917766,435,0.9619211089692773,137,0.9593927328798681,281,0.8668171276401161
228,229,447,0.5768764854924681,112,0.5685866920399295,168,0.5660837658314847,85,0.5629711186833231,497,0.5629009949529313
229,230,217,0.9820770337085214,26,0.9785979844424897,92,0.9615970739828823,314,0.953682792654224,352,0.9528644323913524
230,231,424,0.9679978295657395,361,0.9672257113540109,102,0.9609092797336042,444,0.9606461408397509,8,0.8627151226687104
231,232,376,0.6836624134407029,158,0.6805094734668604,346,0.6749658829154618,317,0.6739345244968742,37,0.671385853554536
232,233,281,0.8515992269215618,106,0.8502892094684811,228,0.7293623957768072,434,0.7248742409064601,142,0.7215387239427641
233,234,263,0.9638856045551552,114,0.93826660664486,311,0.9231673680038918,304,0.8645453988572473,131,0.8526780069631378
234,235,35,0.968589098368968,198,0.8614366450986797,286,0.8597784506996367,373,0.8558165943121765,507,0.8553009701590104
235,236,72,0.9383369342121284,410,0.8573001322615297,335,0.8534752500310038,344,0.8451821569063465,424,0.8397950326520617
236,237,500,0.9585077942501132,482,0.8130777701006932,85,0.7559612092582892,170,0.7552071341803451,286,0.7541101234102624
237,238,75,0.9336046804537041,482,0.8586839244954813,312,0.848261286836554,224,0.8382249092058208,35,0.8338863021086074
238,239,515,0.9948036434933575,348,0.9868496237449242,2,0.9849752470590221,180,0.9833913792246871,71,0.9786306929563561
239,240,44,0.8571574422426604,386,0.8566344767503196,267,0.8557994363418927,145,0.8353926933117922,49,0.8283543797976938
240,241,147,0.8661458585554556,339,0.8445228281599092,435,0.8430285798472767,430,0.8429648411251354,6,0.8404847388597776
241,242,65,0.9931971007938822,48,0.9745319432700864,71,0.9743129625854126,148,0.972861956307627,348,0.9664558724799238
242,243,55,0.9822344846811416,183,0.976318246859538,117,0.9647754152564207,93,0.9626249110390905,21,0.9571292526702149
243,244,392,0.9506503207695576,126,0.9439590773378714,15,0.8599600672726775,288,0.852687101573762,53,0.8476797762296147
244,245,475,0.9710365431654888,113,0.8408304518944806,373,0.8363331125630076,375,0.8340916051721595,161,0.8337782843402171
245,246,69,0.8186723142357937,68,0.816701537712405,322,0.813502366389608,307,0.8102143131321475,315,0.8057503295273197
246,247,141,0.9808969906991736,468,0.957750176096813,389,0.9531328628110233,28,0.9529666108066506,452,0.9410546184974018
247,248,306,0.9387999704222947,135,0.8649798995150173,326,0.8589992765971077,99,0.855362411629087,228,0.8551403896306211
248,249,5,0.9527726127690241,64,0.9457228930592877,60,0.9408502174785676,138,0.9162809353770638,200,0.8436628717868188
249,250,513,0.9136782184182071,423,0.8634933062900255,90,0.8582905175558788,390,0.8559287385043559,198,0.8372139458736909
250,251,483,0.8005617389482157,66,0.7135190302552351,429,0.6760009021016457,151,0.6713044484953664,41,0.6686956467332575
251,252,280,0.9516023839323091,144,0.9467564509947585,103,0.9350207186469139,283,0.925708704832892,361,0.8603488990026472
252,253,188,0.9491348354670345,67,0.9468668460525149,136,0.9344861988536048,51,0.9344434225742866,192,0.9297705113850714
253,254,357,0.9724387089025371,296,0.9429192242907286,290,0.9413226064458151,97,0.9348033900460866,130,0.9233485738265724
254,255,499,0.9619504668743484,288,0.9399053063929953,53,0.9233896041764084,457,0.8617372765794873,181,0.8536858605122934
255,256,51,0.8532619447308046,136,0.828656997010482,188,0.8193921957032777,253,0.8160439067968095,67,0.8143517112662881
256,257,116,0.8549462792470623,161,0.8347943355671705,463,0.7516419902177643,493,0.751353047553279,286,0.7447881466519509
257,258,149,0.9588484167472469,1,0.9540870564015106,377,0.9483551795321883,31,0.94345266887039,196,0.9300735309001222
258,259,23,0.8540614938737385,317,0.8248528802106444,62,0.8140624998943953,56,0.8085163713917458,170,0.7517033477935319
259,260,401,0.9454558672341531,342,0.8595751805768574,134,0.8547849911439999,457,0.8547429792982284,291,0.847724861702194
260,261,378,0.9934115161072801,348,0.9753004102545908,2,0.9734122502245821,239,0.9711063644187404,515,0.9705440332011595
261,262,479,0.8447360806373165,261,0.8395101407542986,378,0.8352250605366293,345,0.8295267403007303,54,0.8293525056913474
262,263,234,0.9638856045551552,311,0.9526937296246912,114,0.9326360287708233,296,0.8699489947384763,9,0.8664111103603861
263,264,191,0.978920156658486,428,0.9707558800590625,510,0.966784281296735,346,0.8643216490516776,158,0.8619286338787996
264,265,356,0.9838532894959912,442,0.9786217398298915,213,0.9728504682211135,274,0.9726436455896386,319,0.9388107491184148
265,266,62,0.8469852332661043,23,0.8430037594028449,435,0.8205503753590422,414,0.802369193949522,480,0.8003684325781382
266,267,44,0.9834297864163484,145,0.966442596370119,240,0.8557994363418927,481,0.8543373692787807,445,0.8516694385427506
267,268,16,0.9718846912607734,394,0.9620367454085579,391,0.9557837698015936,183,0.8567415059491454,117,0.8559214884830999
268,269,37,0.9744355196645047,376,0.956135076156834,346,0.9503391630284441,61,0.9448635568772821,451,0.9344687232673891
269,270,506,0.8523264849371744,84,0.8383930428706481,113,0.8376726326585661,331,0.836955822201047,13,0.8301436806076359
270,271,314,0.9841695954924744,313,0.9807755503026316,207,0.9694837622628301,217,0.9636033944997815,92,0.9610056151198327
271,272,43,0.8383081011391719,460,0.838279488568912,436,0.8349960118821502,343,0.8271611594722502,471,0.811426938155779
272,273,62,0.8204949643244592,293,0.7412726147191913,71,0.7407351894483317,348,0.7392835048736539,48,0.7353200391388028
273,274,213,0.9930704749882284,442,0.9790403477201718,356,0.9779776126971507,265,0.9726436455896386,319,0.9573434847096935
274,275,43,0.871189330628149,461,0.8531166815119815,436,0.8506280100193361,381,0.8447238918787894,172,0.842762433261289
275,276,93,0.9698854110648811,74,0.9695084251751729,55,0.9482359677663763,243,0.9457039396093931,183,0.9434522710262675
276,277,302,0.6669387533816584,162,0.590091936670896,244,0.5817060749454559,392,0.5732582591504558,484,0.5720274978781222
277,278,241,0.7793191831362303,94,0.7180185369609022,369,0.7049480330933413,91,0.6861158983440541,124,0.6730728397606951
278,279,349,0.8372987864055716,388,0.8262461451133314,289,0.8204829555453125,8,0.7430790553400725,354,0.7412489743784358
279,280,144,0.9553617309474917,252,0.9516023839323091,103,0.9256314382096482,283,0.9139853591984369,319,0.8567423473667612
280,281,106,0.9694448560804408,228,0.8668171276401161,434,0.8658857725915441,142,0.8616174140576481,425,0.8598606542427695
281,282,345,0.8619453394726226,54,0.8563797904016553,48,0.849066415980271,71,0.8439769420704245,180,0.8414198957973368
282,283,103,0.9850703583992322,144,0.9279893437549718,252,0.925708704832892,280,0.9139853591984369,105,0.8576028390380059
283,284,200,0.9874033242448421,495,0.9603737439517336,358,0.8709845536874952,172,0.862333785587046,96,0.8589434512968749
284,285,372,0.979082156592898,462,0.9684322784637964,212,0.9530486132499958,187,0.9371783128197815,295,0.9354378865672484
285,286,235,0.8597784506996367,35,0.8565216126767919,415,0.855533600860885,170,0.8491675734428775,482,0.816514058666125
286,287,154,0.8837074903624649,512,0.8816676959279732,203,0.8708013629722324,131,0.8701323840509091,210,0.8686657455933582
287,288,53,0.9694717403206721,499,0.943410838778437,255,0.9399053063929953,15,0.855360465109427,181,0.8552972320932727
288,289,388,0.8593829005453556,447,0.8448684213674983,294,0.8374715916575117,349,0.8310763292990933,17,0.8267730614388602
289,290,357,0.9517751888850863,97,0.9515717977729584,254,0.9413226064458151,296,0.9404362984942356,130,0.8975031675620577
290,291,342,0.9858580791273854,175,0.8635332284585677,457,0.8561987207367132,134,0.8558471478599077,392,0.8503805287895272
291,292,338,0.9656425744447859,402,0.9518727757293649,458,0.9507161775044732,304,0.9460070518917691,399,0.9405441352288173
292,293,84,0.9765422950163992,300,0.9623632790783064,6,0.9623239038581741,506,0.9580100157610725,91,0.9472796417172524
293,294,17,0.987657787737716,341,0.8669038686216192,42,0.843053122268224,410,0.8412729084239705,509,0.8401519023368706
294,295,194,0.9886643017007406,212,0.9591064731959797,372,0.9441369577669025,462,0.9433448780376924,187,0.9412291871405434
295,296,357,0.9631957045521744,97,0.9441741288884786,254,0.9429192242907286,290,0.9404362984942356,130,0.915741136453982
296,297,32,0.9120034335922149,314,0.8690147757408809,313,0.8653522203886007,271,0.8629481911475521,352,0.859783041584779
297,298,185,0.9502824700630289,316,0.8567197398356303,160,0.84579432248081,68,0.8448390280636955,325,0.8265599018917122
298,299,56,0.8086314506406403,419,0.7398982076993921,384,0.7316320428090144,440,0.7301296641849129,191,0.7245711086534978
299,300,293,0.9623632790783064,84,0.947052054303243,6,0.9426757222175788,36,0.9389356737692953,506,0.9301054892282563
300,301,395,0.7388854104226461,323,0.639403048514589,343,0.6382431390674249,391,0.634992063559554,179,0.6343224686003034
301,302,484,0.7135487785442747,126,0.710718596937066,392,0.7102056418028864,244,0.7057968827722438,162,0.6845750416233166
302,303,155,0.9621156340054535,416,0.9099919664849652,454,0.8650333916809141,161,0.8202806240157428,322,0.8112076945845049
303,304,458,0.9581297018406885,402,0.9557238112940801,472,0.9513016010551821,338,0.9512799499455665,292,0.9460070518917691
304,305,132,0.8354264921003753,83,0.8224110625714237,349,0.8138142266463123,384,0.8117375728038684,520,0.8036672989002571
305,306,248,0.9387999704222947,361,0.8652892928746672,72,0.8622872675766262,424,0.8517730426598208,223,0.8474909907992455
306,307,161,0.8489905220358849,284,0.8460228924613817,200,0.8419346349124048,495,0.8348066597322714,246,0.8102143131321475
307,308,148,0.9675863808701853,65,0.9595245392017996,171,0.9570731140703104,350,0.9547902474252157,242,0.9536695812552363
308,309,498,0.8968170925271752,283,0.8254071177400606,461,0.8238003610419053,248,0.8176848566158497,103,0.8176330785075699
309,310,470,0.7320873603284244,120,0.7275539754841507,207,0.7271426689343246,271,0.724846260618131,408,0.7247744938931222
310,311,263,0.9526937296246912,234,0.9231673680038918,114,0.8891172685626083,111,0.8365967694437244,333,0.834956355501043
311,312,73,0.9515945611971499,177,0.8613139139880451,463,0.8601109167492869,493,0.8576960273924692,460,0.8500566722420906
312,313,314,0.9906618533090099,271,0.9807755503026316,92,0.9683893533413765,207,0.9677158104989203,217,0.9656889984465565
313,314,313,0.9906618533090099,271,0.9841695954924744,217,0.9676067427935986,92,0.9675450488010243,207,0.9673347617424175
314,315,321,0.9288735137603712,461,0.9130647709631055,322,0.8405164096006025,200,0.8265722799324273,249,0.8263014839233818
315,316,160,0.9720166793101466,119,0.9381513842353006,298,0.8567197398356303,191,0.855870623088849,428,0.8471991085748696
316,317,68,0.8531687686794794,316,0.8411919780337999,451,0.8371801911735985,160,0.8326108342618264,510,0.8318221946791131
317,318,346,0.8617518701187508,157,0.8591392390704413,328,0.8500812951331906,376,0.8390715308492767,61,0.8390057142179703
318,319,274,0.9573434847096935,442,0.9534828980381367,213,0.9526705372108986,356,0.9400834647766608,265,0.9388107491184148
319,320,438,0.8658421737421826,76,0.8458078676548145,375,0.7683216721721199,286,0.7675950100938749,198,0.7605025942183008
320,321,461,0.9364998254764526,315,0.9288735137603712,88,0.8628519826281135,64,0.8592408793968529,495,0.8563196873890715
321,322,493,0.9611399741219067,463,0.9560492167370578,467,0.8534101206711199,161,0.8522577088059877,78,0.8496571752356936
322,323,179,0.9919724651876095,417,0.9661663567532048,107,0.9638964420583565,140,0.9605400867265464,426,0.9369060415268207
323,324,325,0.8307725729175184,37,0.75240188553901,269,0.7511068051201525,298,0.74847678696601,441,0.741130933225095
324,325,451,0.8615680952517929,355,0.8463623274976717,68,0.8463547916628387,477,0.8433180549981509,346,0.8320806390959097
325,326,228,0.975256413703725,435,0.9619093132681423,480,0.9548840843050383,137,0.9462846615596225,39,0.8663394468405087
326,327,400,0.9642193225184972,507,0.8581522239491642,373,0.8574096264383825,235,0.8400918985416173,23,0.8386522729300121
327,328,157,0.859995755311022,44,0.8510450538115865,318,0.8500812951331906,267,0.8481969505093379,160,0.8442596860887744
328,329,405,0.8411281333512532,187,0.8383339845124091,462,0.8362593111824154,372,0.8353043270967341,143,0.8322133698059041
329,330,353,0.9496661567459964,477,0.8421765484565915,461,0.8355019020969741,321,0.8330309319326517,68,0.829885527969619
330,331,433,0.9803447742085338,465,0.9414541061287196,361,0.8600612161575834,84,0.857658976379821,6,0.8511659305471329
331,332,456,0.7309306448827004,386,0.7307488778075346,264,0.7304479479314974,481,0.7284704384511494,191,0.7280306049115198
332,333,149,0.9162773602418115,1,0.9110525207845779,31,0.9019642155027037,196,0.8963542002160971,377,0.8942107276742914
333,334,478,0.8470282939929816,108,0.838692062195181,348,0.7402709796034359,216,0.7349349199059085,239,0.7331847935647693
334,335,344,0.9900102318045608,410,0.9813200435351173,341,0.9560286290405582,236,0.8534752500310038,424,0.84171280486386
335,336,131,0.9733671644104502,432,0.9688365953950933,154,0.9658794810062454,261,0.9600719161658607,348,0.9594270803271717
336,337,469,0.8374855957736377,38,0.8350642942993183,174,0.8313537615176707,219,0.8255202930792345,82,0.8117729308736054
337,338,27,0.9703440652100569,292,0.9656425744447859,458,0.9625261830274672,402,0.9591223002850583,304,0.9512799499455665
338,339,492,0.8523289667365934,147,0.849415832002477,435,0.8477775067799344,25,0.8459735336256973,96,0.8453125033553722
339,340,346,0.9486773103421673,61,0.9472139949845406,451,0.94037558166661,376,0.9323792938079766,37,0.9256516108995436
340,341,410,0.9716391957226308,335,0.9560286290405582,344,0.9559077487137477,294,0.8669038686216192,390,0.8661145714489257
341,342,291,0.9858580791273854,457,0.8640704909258143,134,0.8629947936705724,260,0.8595751805768574,392,0.8566552537444905
342,343,471,0.9256951250736315,436,0.8743231850946003,43,0.8650607127264601,184,0.8532562682095602,460,0.8404260244920716
343,344,335,0.9900102318045608,410,0.9757230435237808,341,0.9559077487137477,424,0.8460934223468721,236,0.8451821569063465
344,345,479,0.9658901701753794,515,0.9656012484662622,71,0.9642771864106907,239,0.962116119810515,48,0.9611402572779562
345,346,376,0.9713822853837597,37,0.9705602277243056,61,0.9683158933847091,451,0.9628742247112994,269,0.9503391630284441
346,347,318,0.8239600847539165,38,0.7966865249769897,61,0.7232037198667374,376,0.7215129039060979,157,0.7113335584451346
347,348,515,0.987510202388114,180,0.9868514552184076,239,0.9868496237449242,71,0.9841464327507579,48,0.9783513798631407
348,349,388,0.9452484945414928,384,0.8712124155030874,102,0.869300863339604,502,0.8563349759386288,90,0.8520550086528329
349,350,348,0.9722162772479706,515,0.9650653735868547,239,0.9642307687465548,180,0.9628532738054436,71,0.9603093392118978
350,351,8,0.8799547277544799,135,0.8602616619835222,19,0.8536327770219927,99,0.8508157861406418,370,0.8442061548938965
351,352,314,0.9657770454314367,217,0.9623827989981251,313,0.9601705837797566,271,0.9586339109697013,26,0.9557961033937725
352,353,330,0.9496661567459964,461,0.8621209083573513,309,0.8146280958690741,321,0.8002849553260221,68,0.7986789171071568
353,354,442,0.8623469362735837,274,0.8538703312196417,153,0.8532845432254322,469,0.8523325090073113,213,0.8487448771770094
354,355,325,0.8463623274976717,68,0.8454754437168599,185,0.8329839692984156,298,0.8228174738663616,265,0.7427167719346368
355,356,265,0.9838532894959912,213,0.9813496707199924,274,0.9779776126971507,442,0.9726815267906278,319,0.9400834647766608
356,357,254,0.9724387089025371,296,0.9631957045521744,290,0.9517751888850863,97,0.9513581001442655,130,0.9367436045567622
357,358,172,0.9908775650235366,227,0.9798321312752951,121,0.9692807968309238,491,0.9554054183518776,186,0.9545767075426166
358,359,441,0.836425657029662,504,0.8343781263982469,477,0.829720187345758,358,0.7415599232341528,172,0.7335795775754765
359,360,450,0.8624037157550124,368,0.8531351417403437,87,0.8467676190304968,408,0.8188538934462616,21,0.8118059383059906
360,361,424,0.9788209617602737,231,0.9672257113540109,102,0.9530483714736411,444,0.9482108811378601,306,0.8652892928746672
361,362,326,0.8635690126432659,228,0.8537073075593222,480,0.8501011534119449,364,0.8489454703199465,137,0.8463854979664942
362,363,12,0.7560802611920602,266,0.747481563519661,507,0.7462635671521256,373,0.7449992834910155,214,0.738858039850435
363,364,362,0.8489454703199465,480,0.7518905336550394,115,0.7503107552043043,228,0.7475071581958416,326,0.7465023378972623
364,365,129,0.8325659918491999,318,0.8221629257316297,325,0.7923888672382968,324,0.7367751884889784,376,0.7269997727706712
365,366,90,0.958401159340998,423,0.9498666203978503,390,0.9474601252955392,502,0.9391943742280058,19,0.864625191706365
366,367,169,0.8061832019552949,181,0.7432231160407069,392,0.7415012627913552,175,0.7403909084000962,484,0.7329720108860239
367,368,450,0.9726547713919422,87,0.9522373955582415,243,0.9448631750305745,55,0.9370793177819953,183,0.9337363684705454
368,369,459,0.921600977361021,86,0.8388170793616634,311,0.8193298226214234,114,0.8006021022515204,256,0.7869576667738212
369,370,8,0.947773448151433,99,0.9221114544190854,135,0.9216743889483563,19,0.9210161888009056,52,0.8499373168825884
370,371,231,0.8520759999372002,438,0.8412952939506001,486,0.8335382570995079,444,0.832966761521796,102,0.8321962745354412
371,372,462,0.9881010174667999,285,0.979082156592898,212,0.9520286826831792,187,0.9452539085487655,295,0.9441369577669025
372,373,507,0.99517939443178,214,0.9623175945294146,327,0.8574096264383825,235,0.8558165943121765,486,0.8551900065422147
373,374,358,0.8570685489083111,13,0.8565712619901926,60,0.8545024590841723,284,0.8543592520533456,121,0.8536838052491444
374,375,198,0.852810729032632,438,0.8514006219829955,475,0.8479758177747017,486,0.8445036758710607,56,0.8409409369080777
375,376,61,0.979053511932076,346,0.9713822853837597,37,0.9585946257972997,269,0.956135076156834,451,0.9406202965656039
376,377,31,0.9829664660173121,1,0.9612672091001235,258,0.9483551795321883,196,0.9234981971840789,149,0.9130140481812727
377,378,261,0.9934115161072801,2,0.978131218130076,348,0.9763554042951843,239,0.9739511577835671,515,0.97354562256351
378,379,437,0.9736612656241026,514,0.9655758805731999,11,0.9593714286187089,476,0.9465117296786096,9,0.9395318836789726
379,380,516,0.7101164205578667,299,0.7027344173725718,189,0.5991908013305534,384,0.5841746280811977,76,0.583480163303982
380,381,172,0.9426185440698177,358,0.9347639190129016,227,0.9321707888037115,186,0.9304135441013153,491,0.9222453165849145
381,382,23,0.6508119356104376,109,0.5914080377903401,415,0.5784084855987406,170,0.5780629311508237,18,0.576995454826068
382,383,215,0.9435966409137831,133,0.8730301642836159,391,0.8709767763325867,40,0.8707511947307749,403,0.8661502777552799
383,384,83,0.9610009947412381,349,0.8712124155030874,419,0.8492689654040703,516,0.8436555346883535,197,0.8349638580949077
384,385,177,0.8282411487558772,73,0.7324086485979454,428,0.7281230186005907,340,0.7262742157657998,318,0.7238403788729024
385,386,240,0.8566344767503196,481,0.845276969668119,44,0.741112193537953,332,0.7307488778075346,477,0.7307100440359452
386,387,499,0.860376988871952,401,0.8543092336341583,134,0.8443474990956807,126,0.8427264253202142,291,0.8425525020040999
387,388,349,0.9452484945414928,289,0.8593829005453556,390,0.8466972329075179,341,0.842866138959285,199,0.8382033832656685
388,389,28,0.9922444579025346,452,0.9730343444483548,141,0.9687587292868434,412,0.966971452932769,396,0.9629027613696566
389,390,90,0.9828194826034041,423,0.9741862952998483,502,0.9558117381690068,366,0.9474601252955392,341,0.8661145714489257
390,391,394,0.979871853078532,268,0.9557837698015936,16,0.9529167381566879,40,0.873834464297637,383,0.8709767763325867
391,392,126,0.9670920044468911,244,0.9506503207695576,457,0.8610066717161788,134,0.8579540288683443,342,0.8566552537444905
392,393,16,0.8657082438734673,472,0.8540686688426491,268,0.8469723313581405,304,0.8463356225798192,399,0.8453966946782652
393,394,391,0.979871853078532,268,0.9620367454085579,16,0.9584379630015659,21,0.8773497075929779,40,0.8720065533374389
394,395,301,0.7388854104226461,77,0.650840353331201,391,0.6403884677346002,394,0.640322532188356,408,0.6271445216933121
395,396,412,0.9883492783019024,452,0.9857135185941854,389,0.9629027613696566,10,0.9590592639298032,28,0.9575800465194215
396,397,89,0.9699779774848115,493,0.8520145549935898,463,0.8505642543464143,322,0.8346580504178363,309,0.8136645465073924
397,398,445,0.8462041369715536,14,0.8197147153225931,318,0.7275962456027726,191,0.7271184967745454,428,0.726455769157782
398,399,472,0.9840636745749374,164,0.9675722322202489,402,0.9579763903584807,458,0.9475416315885752,338,0.9438843791592193
399,400,327,0.9642193225184972,35,0.8451714524515277,224,0.8391632170769231,23,0.8318224994967273,75,0.8316005804703591
400,401,260,0.9454558672341531,387,0.8543092336341583,499,0.8432536220420955,291,0.8348311908370737,134,0.8336660121697821
401,402,338,0.9591223002850583,399,0.9579763903584807,304,0.9557238112940801,292,0.9518727757293649,472,0.9455630749448546
402,403,383,0.8661502777552799,10,0.8476584957838761,449,0.8450252878402953,396,0.8426104375347933,287,0.838259581846759
403,404,432,0.9813342193926636,131,0.9592590833783218,336,0.9518160285108895,350,0.948548170096357,154,0.9483160918857528
404,405,136,0.8542790250948551,51,0.8415130698774034,329,0.8411281333512532,143,0.8372362258416093,188,0.8246011371177112
405,406,516,0.8302651624246621,83,0.8254618653464271,384,0.8128697552440829,388,0.730660177571383,197,0.7049682000978773
406,407,219,0.8001461453815903,42,0.7331618596842406,509,0.7091939260446811,209,0.7083473902555377,38,0.7067416270079607
407,408,40,0.8489289640259882,133,0.8478921579074093,87,0.8371539327315097,34,0.835406060851916,93,0.832830108432818
408,409,141,0.8681385908989996,511,0.8679635050308093,163,0.8676982650084022,452,0.8663628726140468,389,0.866028638789139
409,410,335,0.9813200435351173,344,0.9757230435237808,341,0.9716391957226308,236,0.8573001322615297,424,0.8506834142268596
410,411,519,0.8643643862427055,58,0.8483560842184161,210,0.8335645757067994,409,0.8253839668852392,100,0.8244354208053898
411,412,452,0.9885131031960418,396,0.9883492783019024,389,0.966971452932769,10,0.9622768792486764,28,0.9617793522212597
412,413,105,0.8594734341449008,103,0.8551642363748031,283,0.8450791549399373,174,0.8444710345272214,138,0.8421880445111127
413,414,326,0.8600952747062163,228,0.8550177045352292,480,0.8394559178237111,435,0.8383597790909617,137,0.8322576937151593
414,415,286,0.855533600860885,235,0.7659026354805275,170,0.7542402706006306,35,0.7437388168362672,482,0.7102348984245589
415,416,155,0.9338637951584114,303,0.9099919664849652,119,0.8600703385064798,78,0.8375390016759888,322,0.8318479288787735
416,417,179,0.9686454939906561,323,0.9661663567532048,107,0.9611779906599914,488,0.9568153849693687,140,0.9368242414728949
417,418,159,0.6098511134122813,231,0.609059741473565,520,0.6025937809934907,424,0.5987476517440562,361,0.5969093968633208
418,419,384,0.8492689654040703,197,0.8465554775034143,46,0.8423740257171863,83,0.8406656962538797,430,0.8391606519041493
419,420,63,0.9763486302105744,422,0.9704152291038919,101,0.9409052008866787,503,0.9362259985332775,515,0.8651426807027407
420,421,477,0.8281712862354118,504,0.8242215082473952,441,0.8143625711047877,37,0.7418128422824519,172,0.728972755099933
421,422,420,0.9704152291038919,101,0.967452159280189,503,0.9621263142932346,63,0.9620329352279511,10,0.8598195680336821
422,423,90,0.9750942152886162,390,0.9741862952998483,502,0.9537971536902609,366,0.9498666203978503,250,0.8634933062900255
423,424,361,0.9788209617602737,102,0.9680107367467345,231,0.9679978295657395,444,0.948917182263006,341,0.8558069387643644
424,425,142,0.9829628641339709,434,0.9823072882540074,96,0.9699917867034051,113,0.9501665804612623,228,0.8606564914712078
425,426,140,0.9648672549092714,323,0.9369060415268207,179,0.9364723627045297,107,0.9289723429190494,417,0.9155064349920857
426,427,151,0.8639558207272977,429,0.8505300796889621,456,0.8249701479688547,358,0.8148636307920099,78,0.8138732077725317
427,428,191,0.979755902929323,264,0.9707558800590625,510,0.9702595575401819,346,0.8505603088241014,316,0.8471991085748696
428,429,151,0.982259900630995,66,0.9456558141779055,427,0.8505300796889621,483,0.8481248844181455,12,0.7585729185249931
429,430,39,0.9478113735194176,193,0.9107674904708534,64,0.8546390524063832,46,0.8438773694489832,241,0.8429648411251354
430,431,83,0.8325747968387769,419,0.8315988752142989,384,0.8307922490018925,147,0.8286472966567597,197,0.8160035614452725
431,432,404,0.9813342193926636,131,0.9761243252106175,336,0.9688365953950933,154,0.9657183320746023,512,0.9600898625888921
432,433,331,0.9803447742085338,465,0.9495180939887684,172,0.8550268481087977,96,0.8522177717219773,435,0.8521085495542282
433,434,142,0.9911700470626954,425,0.9823072882540074,96,0.957290704038585,113,0.9386326599870651,281,0.8658857725915441
434,435,228,0.9619211089692773,326,0.9619093132681423,480,0.935871141891333,137,0.9294346518650358,96,0.8668912245049691
435,436,43,0.9734940246446412,460,0.9570510083767569,343,0.8743231850946003,381,0.8615314690652619,323,0.8603841194762176
436,437,514,0.9797691300108673,379,0.9736612656241026,476,0.9638356661900088,11,0.962925680637309,313,0.9556055176832581
437,438,76,0.9725775483882138,320,0.8658421737421826,375,0.8514006219829955,486,0.8487330651923535,198,0.8475104112940919
438,439,509,0.8511143618556347,466,0.8456670553439187,42,0.8202712751632564,178,0.7201917190590008,168,0.7151409027534046
439,440,8,0.850893290607927,136,0.8477936882394425,19,0.8359366956871384,375,0.827184668614512,135,0.8226542365044867
440,441,477,0.9384654250320215,504,0.9329054357742612,358,0.8411232816677963,359,0.836425657029662,280,0.8339803350140035
441,442,274,0.9790403477201718,265,0.9786217398298915,213,0.97537251347188,356,0.9726815267906278,319,0.9534828980381367
442,443,114,0.825841283181098,263,0.8043789238795955,234,0.8018119799509269,311,0.7598497320205115,27,0.7362826373411866
443,444,102,0.96147422448523,231,0.9606461408397509,424,0.948917182263006,361,0.9482108811378601,465,0.853875880733643
444,445,70,0.8678843831767505,267,0.8516694385427506,398,0.8462041369715536,44,0.8405285374131308,328,0.8287528616392337
445,446,350,0.9495223168156726,308,0.9474586101352618,171,0.9409833158589327,474,0.9364221647327101,111,0.9357334723432484
446,447,289,0.8448684213674983,156,0.841296165965356,453,0.7918153634894683,270,0.7758284017030923,193,0.7282606320024398
447,448,210,0.9727272307859288,511,0.9696463726441683,519,0.9243570415954478,378,0.8679391129818241,261,0.864686268489075
448,449,164,0.8591807421179909,383,0.8582031874964512,399,0.8506124058065707,403,0.8450252878402953,472,0.84123769787278
449,450,87,0.9773530806638426,368,0.9726547713919422,21,0.9432165808917915,40,0.9429105961467774,117,0.9400437387022418
450,451,346,0.9628742247112994,37,0.9497308980679979,61,0.9456411570590453,376,0.9406202965656039,340,0.94037558166661
451,452,412,0.9885131031960418,396,0.9857135185941854,389,0.9730343444483548,10,0.9716008125671095,28,0.967092733736814
452,453,488,0.836673672782474,107,0.8363319181845185,455,0.8200086344476323,417,0.8180748680900113,179,0.8115053377229937
453,454,303,0.8650333916809141,155,0.8390110895596167,193,0.8387661630028698,214,0.8269054615808566,373,0.822426763081533
454,455,209,0.8239024067112296,156,0.8235560514755629,453,0.8200086344476323,436,0.8192222652112761,460,0.8114165102410615
455,456,346,0.8640140279586241,477,0.8475785109008223,61,0.8443929738065284,504,0.8441752505903172,376,0.8435794115791608
456,457,342,0.8640704909258143,134,0.8621336708632764,255,0.8617372765794873,392,0.8610066717161788,291,0.8561987207367132
457,458,338,0.9625261830274672,304,0.9581297018406885,472,0.956323746657942,27,0.9550606123463571,292,0.9507161775044732
458,459,369,0.921600977361021,311,0.8034570434192894,86,0.801561847229693,263,0.7973632960039037,256,0.7924617533215852
459,460,436,0.9570510083767569,43,0.951637272316599,471,0.8519514074045309,312,0.8500566722420906,343,0.8404260244920716
460,461,321,0.9364998254764526,315,0.9130647709631055,353,0.8621209083573513,228,0.8540200248040264,326,0.8538399896213601
461,462,372,0.9881010174667999,285,0.9684322784637964,212,0.9437922722521248,295,0.9433448780376924,194,0.9426353935649849
462,463,493,0.9710861268798681,322,0.9560492167370578,33,0.8667130211025303,312,0.8601109167492869,397,0.8505642543464143
463,464,109,0.8404907789028808,29,0.8298338895428012,166,0.8191862236270104,508,0.7567301913174814,482,0.7556159052026447
464,465,433,0.9495180939887684,331,0.9414541061287196,179,0.8696513076883219,323,0.8677507452899188,142,0.8658510215231341
465,466,439,0.8456670553439187,198,0.8351632080369815,438,0.7217010793334477,168,0.7207446654452394,375,0.7194953356657326
466,467,322,0.8534101206711199,161,0.8513157914886385,224,0.8510523174765172,78,0.8457377115339255,463,0.8407363513040742
467,468,247,0.957750176096813,141,0.9429424507754416,452,0.9258305111882805,389,0.9256052493735571,28,0.922748778650908
468,469,174,0.9359406433702204,354,0.8523325090073113,442,0.8477601200220861,274,0.8447711069807164,473,0.8438247063442428
469,470,192,0.844109160880703,478,0.8430052460867734,108,0.8211545837335057,104,0.8178467633945279,188,0.81541713552278
470,471,343,0.9256951250736315,460,0.8519514074045309,436,0.8231546210723971,43,0.81646577700563,272,0.811426938155779
471,472,399,0.9840636745749374,164,0.9570596445976094,458,0.956323746657942,304,0.9513016010551821,402,0.9455630749448546
472,473,498,0.8461122097942164,284,0.8440747708082667,469,0.8438247063442428,252,0.8429265062433243,200,0.8428738862886707
473,474,111,0.9926945509894154,404,0.9476627882838253,131,0.9396979287669769,446,0.9364221647327101,350,0.9355070803219195
474,475,245,0.9710365431654888,113,0.855817840470573,96,0.8491641948295039,161,0.8489363180003253,235,0.8487963878967063
475,476,514,0.9638589779427087,437,0.9638356661900088,11,0.9557455538842484,314,0.9554678068071519,271,0.954055095374309
476,477,504,0.9516634146004892,441,0.9384654250320215,451,0.8523114629172772,456,0.8475785109008223,346,0.8457072755007329
477,478,108,0.971552506401313,512,0.8551781166444674,479,0.854344848759039,334,0.8470282939929816,71,0.8464095288007206
478,479,512,0.980907059101731,154,0.9713021910989235,345,0.9658901701753794,71,0.9576906349501395,131,0.9568110537631129
479,480,137,0.9746313189302311,228,0.9627357427917766,326,0.9548840843050383,435,0.935871141891333,362,0.8501011534119449
480,481,267,0.8543373692787807,44,0.8474347354281518,386,0.845276969668119,145,0.8290386436823808,316,0.7342996730412696
481,482,238,0.8586839244954813,75,0.8318806052481562,500,0.8252358190907876,286,0.816514058666125,237,0.8130777701006932
482,483,151,0.8541232074121576,429,0.8481248844181455,66,0.8086469041570445,251,0.8005617389482157,427,0.7302369847982011
483,484,367,0.7329720108860239,244,0.7309491558645961,518,0.7172984783825449,302,0.7135487785442747,126,0.7071655563224102
484,485,453,0.7161322228023902,281,0.6643827789113044,106,0.6540596284316804,233,0.6528640364943211,447,0.6526779529421823
485,486,198,0.8582555335679056,507,0.8557000695119356,373,0.8551900065422147,438,0.8487330651923535,375,0.8445036758710607
486,487,206,0.9528531676499923,189,0.936107954869237,494,0.9312251721382077,295,0.8693612379632909,203,0.8673219182209267
487,488,417,0.9568153849693687,107,0.9417305561513833,179,0.9396246483869466,323,0.9353100945022872,140,0.9166192633712008
488,489,293,0.8600058633677536,113,0.8487798227450283,96,0.844916991473703,84,0.8429454266823025,435,0.8404598612588574
489,490,144,0.8347522289617377,280,0.8149124191950492,252,0.8121706455561993,283,0.8116431689581463,103,0.8074238074467732
490,491,186,0.9717157953571592,172,0.9637430900351076,358,0.9554054183518776,227,0.9545589838024482,121,0.942860860019754
491,492,25,0.9764090403230514,223,0.9676597260511579,52,0.9520718142840775,496,0.9441029960150205,90,0.859634590029962
492,493,463,0.9710861268798681,322,0.9611399741219067,312,0.8576960273924692,397,0.8520145549935898,33,0.8481190958577688
493,494,487,0.9312251721382077,189,0.9265940636185183,206,0.9071856403986648,101,0.8613435420127347,314,0.8585606921671568
494,495,284,0.9603737439517336,200,0.9514197116054832,321,0.8563196873890715,88,0.8561475254973195,227,0.849052915748161
495,496,25,0.9550942568822781,223,0.9483998062968795,492,0.9441029960150205,52,0.9370369045756819,248,0.8410551781903739
496,497,85,0.7469237836920251,419,0.7260432566783319,445,0.7243670535060073,129,0.7242140048132609,298,0.7228732955942345
497,498,309,0.8968170925271752,213,0.862878515185891,274,0.8597579218209794,144,0.856370431532044,356,0.8476525704973618
498,499,255,0.9619504668743484,53,0.953075139786034,288,0.943410838778437,181,0.870333911755768,387,0.860376988871952
499,500,237,0.9585077942501132,482,0.8252358190907876,362,0.76173849810919,107,0.759741617538162,208,0.7553899026869355
500,501,485,0.6302381202736909,508,0.61217062631761,453,0.6120585830838943,364,0.6119436763374517,59,0.5909227401443554
501,502,90,0.964788791946632,390,0.9558117381690068,423,0.9537971536902609,366,0.9391943742280058,198,0.8571867924100034
502,503,101,0.9835262851055444,422,0.9621263142932346,420,0.9362259985332775,63,0.9336279111692674,314,0.8711441421535837
503,504,477,0.9516634146004892,441,0.9329054357742612,61,0.850326886766588,376,0.8490843673540566,456,0.8441752505903172
504,505,359,0.7157586435983975,182,0.6192139153696599,319,0.6079888893767915,441,0.601767909032938,80,0.6003882138334583
505,506,84,0.9719788873379416,293,0.9580100157610725,6,0.9479822471749393,91,0.9375399966972011,300,0.9301054892282563
506,507,373,0.99517939443178,214,0.9656096602743842,327,0.8581522239491642,486,0.8557000695119356,235,0.8553009701590104
507,508,142,0.8671528348303469,434,0.8635267667054826,425,0.8602582544466248,96,0.8455421080167089,351,0.841612239037502
508,509,42,0.9586553222641596,439,0.8511143618556347,294,0.8401519023368706,17,0.8360241076437414,46,0.8330140035764615
509,510,191,0.9736553837213977,428,0.9702595575401819,264,0.966784281296735,451,0.8538270322516216,316,0.8458838973096252
510,511,210,0.9701806776882447,448,0.9696463726441683,519,0.923014780805066,163,0.8871676965750372,261,0.8808082988283155
511,512,154,0.986430970382014,479,0.980907059101731,71,0.973614704191494,131,0.9729244460703791,348,0.971197164249497
512,513,250,0.9136782184182071,198,0.7932036626686934,390,0.7914055913032014,90,0.7855095227060929,423,0.7848289911033398
513,514,437,0.9797691300108673,379,0.9655758805731999,207,0.9650616616892208,476,0.9638589779427087,271,0.9537354008223646
514,515,239,0.9948036434933575,180,0.9876535197262502,348,0.987510202388114,2,0.9837915699589761,71,0.9819100985863216
515,516,83,0.8628266527301788,384,0.8436555346883535,406,0.8302651624246621,388,0.7228780695657657,349,0.7214469167974389
516,517,142,0.717383539596897,434,0.7135696016698232,225,0.7065502669514749,425,0.7033281183517122,113,0.6957878074124015
517,518,15,0.8482614312060326,125,0.8465305326340207,22,0.7370872540105236,169,0.7262226351184212,57,0.7243538019304823
518,519,210,0.9275503696593351,448,0.9243570415954478,511,0.923014780805066,446,0.8662942950036905,411,0.8643643862427055
519,520,419,0.8387732037120682,46,0.8377260863841945,430,0.8371568508189617,39,0.8240092612880261,199,0.8084148217891494
